Algorithm,Run,HV,IGD,Spacing,Spread,BestScalar,Runtime_s
CL-NSGA-II (Proposed),0,65614.49635569834,8.919892193169996,0.3419802621197847,39.676290946515614,1099.410567220497,3.816821575164795
CL-NSGA-II (Proposed),1,69683.77623033975,7.504831080348522,0.6929082352271448,22.072869531493026,1097.0327817752918,3.970341920852661
CL-NSGA-II (Proposed),2,64723.431391465645,17.24432432887472,0.7483077995802287,63.85729694406661,1111.7412925322144,3.8020472526550293
CL-NSGA-II (Proposed),3,77364.04197861826,4.031695475027292,1.5837175410807414,74.42508840198278,1081.1194669258598,3.755855083465576
CL-NSGA-II (Proposed),4,62800.58417066399,22.648967223852033,1.6324283276184373,55.685714962076446,1118.7593736617496,3.664030075073242
CL-NSGA-II (Proposed),5,71468.21239620219,9.366082926374233,1.3279038273708585,28.73015375119538,1100.3940184600674,3.7996163368225098
CL-NSGA-II (Proposed),6,65246.420727565834,10.39420893670334,0.2736708858194705,23.313131773822448,1101.6324770389233,3.810917377471924
CL-NSGA-II (Proposed),7,70807.13022984887,2.402156994767049,0.7143173233383571,62.99746829614533,1085.4999340543475,3.8144590854644775
CL-NSGA-II (Proposed),8,77522.02213087352,4.782744359062492,0.8144606481976994,20.190384712173987,1092.0685198218166,3.767735719680786
CL-NSGA-II (Proposed),9,70654.72943337819,8.682918226689452,0.42006399142933776,33.85018880827397,1099.048568765319,3.748931884765625
CL-NSGA-II (Proposed),10,68659.20657919558,6.339558400061289,0.9892944673847008,69.90130462160157,1095.1769998472435,3.6505649089813232
CL-NSGA-II (Proposed),11,84395.74835170057,2.0964979561751194,0.7608157777981054,44.48713882700546,1066.409046444701,3.8066389560699463
CL-NSGA-II (Proposed),12,65686.90832963535,3.257497058789835,5.724119185646455,210.20906086475833,1089.2518028121185,3.6236655712127686
CL-NSGA-II (Proposed),13,57115.33036819319,32.683364580863675,0.40340144619921964,36.9883622170404,1133.9421696122622,3.736605167388916
CL-NSGA-II (Proposed),14,80009.07491019888,2.058222669889053,0.20392443688783973,54.417727215534526,1082.349836323206,3.7101316452026367
CL-NSGA-II (Proposed),15,67697.66469000616,11.437257712205643,0.19457027433853338,22.463157275575213,1103.1172147883983,3.842087745666504
CL-NSGA-II (Proposed),16,77148.17299419754,1.9536359457319734,0.3050800972457392,59.763864638650865,1081.9845413149592,3.7754533290863037
CL-NSGA-II (Proposed),17,68049.71726541073,3.4447002166022935,2.0924243291243485,41.83318742203108,1086.6184418709345,3.8125431537628174
CL-NSGA-II (Proposed),18,64356.373824109214,11.061318362992518,2.5920194543155786,94.95009842281051,1102.999253968069,3.58535099029541
CL-NSGA-II (Proposed),19,80522.01352919124,2.859930551792442,1.5470788053360711,234.13305058744248,1087.9291027988102,3.8045859336853027
Proposed w/o novelty (ablation),0,67161.30331308776,5.655891864333012,0.12006032986957482,38.964817892554336,1094.0325495528334,3.6672515869140625
Proposed w/o novelty (ablation),1,70756.36071322838,6.082302804455903,0.447011904585931,22.961944676790463,1094.342734400533,3.690791606903076
Proposed w/o novelty (ablation),2,65960.85871475312,14.588967594152756,1.688570119508058,100.05469150291647,1107.8996014452898,3.6207287311553955
Proposed w/o novelty (ablation),3,75348.56581494976,2.619461425494612,3.642741676972348,162.38691942814157,1083.247780324137,3.7357659339904785
Proposed w/o novelty (ablation),4,70380.1615069946,7.688689486839707,0.6190148327081723,34.67828267781359,1097.3247683638804,3.6917762756347656
Proposed w/o novelty (ablation),5,63745.16465647784,18.674209222368216,0.5738725057785048,49.8896783326596,1113.8449566713964,3.66255259513855
Proposed w/o novelty (ablation),6,65791.08862441847,9.528640168561772,0.1480211028007849,17.54288399043096,1100.4318849441952,3.7514498233795166
Proposed w/o novelty (ablation),7,69694.19636195184,2.8784507049206014,0.503637812144127,71.27670094469418,1088.368549637694,3.784252643585205
Proposed w/o novelty (ablation),8,77477.24855586735,4.634319623314919,2.031153779023496,182.5956606121272,1091.802818227877,3.736227035522461
Proposed w/o novelty (ablation),9,70505.25585377749,8.511095820151533,0.481977002958995,52.67699905955422,1098.8208103064833,3.621046543121338
Proposed w/o novelty (ablation),10,61470.08835046376,14.847654075799106,2.1434967431138205,107.32741117721112,1108.413937713581,3.5520951747894287
Proposed w/o novelty (ablation),11,76812.52476657288,2.6464806203133295,1.1030575344191051,51.31361637917418,1079.9557113310238,3.7174642086029053
Proposed w/o novelty (ablation),12,62132.42842362946,12.390501723652184,0.5622856831725366,40.79973543634873,1104.6686729638625,3.692767858505249
Proposed w/o novelty (ablation),13,65090.70646128156,17.01694058093485,1.9881170262094263,62.1915825649381,1110.8478101903981,3.5782201290130615
Proposed w/o novelty (ablation),14,59538.91878822563,35.994565092487385,0.5993534770080158,56.53833509629686,1137.9150632515189,3.660857915878296
Proposed w/o novelty (ablation),15,60636.533902270116,22.62400745717202,0.9222170856552037,45.390434886486425,1119.7003826053908,3.5457186698913574
Proposed w/o novelty (ablation),16,74900.56186564166,2.719749469944567,2.8510492443639928,198.52050362846575,1086.43174495362,3.807295083999634
Proposed w/o novelty (ablation),17,63745.47517538569,9.310641567361571,0.5321248198153865,27.646588226737475,1100.4407889315432,3.6970810890197754
Proposed w/o novelty (ablation),18,56937.9563295996,28.168838751453222,0.8508655219908905,62.86343080086792,1127.1304009635314,3.5846965312957764
Proposed w/o novelty (ablation),19,73629.88378511282,12.725331878315622,12.599800547391537,202.52107910003465,1105.0191090390824,3.6261346340179443
NSGA-II,0,67161.30331308776,5.655891864333012,0.12006032986957482,38.964817892554336,1094.0325495528334,3.8897972106933594
NSGA-II,1,70756.36071322838,6.082302804455903,0.447011904585931,22.961944676790463,1094.342734400533,3.8184194564819336
NSGA-II,2,65960.85871475312,14.588967594152756,1.688570119508058,100.05469150291647,1107.8996014452898,3.735374689102173
NSGA-II,3,75348.56581494976,2.619461425494612,3.642741676972348,162.38691942814157,1083.247780324137,3.5856103897094727
NSGA-II,4,70380.1615069946,7.688689486839707,0.6190148327081723,34.67828267781359,1097.3247683638804,3.731826066970825
NSGA-II,5,63745.16465647784,18.674209222368216,0.5738725057785048,49.8896783326596,1113.8449566713964,3.667982339859009
NSGA-II,6,65791.08862441847,9.528640168561772,0.1480211028007849,17.54288399043096,1100.4318849441952,3.6905202865600586
NSGA-II,7,69694.19636195184,2.8784507049206014,0.503637812144127,71.27670094469418,1088.368549637694,3.767658233642578
NSGA-II,8,77477.24855586735,4.634319623314919,2.031153779023496,182.5956606121272,1091.802818227877,3.851405382156372
NSGA-II,9,70505.25585377749,8.511095820151533,0.481977002958995,52.67699905955422,1098.8208103064833,3.590954303741455
NSGA-II,10,61470.08835046376,14.847654075799106,2.1434967431138205,107.32741117721112,1108.413937713581,3.5465519428253174
NSGA-II,11,76812.52476657288,2.6464806203133295,1.1030575344191051,51.31361637917418,1079.9557113310238,3.692894458770752
NSGA-II,12,62132.42842362946,12.390501723652184,0.5622856831725366,40.79973543634873,1104.6686729638625,3.6748440265655518
NSGA-II,13,65090.70646128156,17.01694058093485,1.9881170262094263,62.1915825649381,1110.8478101903981,3.782841444015503
NSGA-II,14,59538.91878822563,35.994565092487385,0.5993534770080158,56.53833509629686,1137.9150632515189,3.634251832962036
NSGA-II,15,60636.533902270116,22.62400745717202,0.9222170856552037,45.390434886486425,1119.7003826053908,3.595590829849243
NSGA-II,16,74900.56186564166,2.719749469944567,2.8510492443639928,198.52050362846575,1086.43174495362,3.8612864017486572
NSGA-II,17,63745.47517538569,9.310641567361571,0.5321248198153865,27.646588226737475,1100.4407889315432,3.648768424987793
NSGA-II,18,56937.9563295996,28.168838751453222,0.8508655219908905,62.86343080086792,1127.1304009635314,3.6831071376800537
NSGA-II,19,73629.88378511282,12.725331878315622,12.599800547391537,202.52107910003465,1105.0191090390824,3.579746961593628
MOPSO,0,67249.36204133203,5.523712651950259,0.0,37.77730532994965,1093.8224948151203,4.773244857788086
MOPSO,1,71225.6018513482,5.571288215319542,0.0,9.208691545887136,1093.0691501062925,5.025000095367432
MOPSO,2,72162.8300919342,6.02679492840553,0.0,39.08234608171847,1093.20919967654,5.87547492980957
MOPSO,3,78010.37618191556,5.247444067945211,1.4581629615738199,25.448560852804807,1080.73797159377,3.4684813022613525
MOPSO,4,72189.51983849755,4.5674737938051155,0.0,22.71263174661961,1091.8005429675793,5.280607223510742
MOPSO,5,74359.46219771913,5.519609852417503,0.0,33.52966544564257,1093.0332915848326,6.232891798019409
MOPSO,6,68210.93789021207,5.087309736104763,0.24752111565865234,17.7315401158109,1092.7467853576989,3.9678828716278076
MOPSO,7,74191.08794844452,9.191533903449383,0.0,53.40365608501895,1075.9457471069065,3.1516337394714355
MOPSO,8,78333.71925477701,3.410105065046477,0.0,8.141670057193414,1089.4093864039519,5.699893951416016
MOPSO,9,70759.7038059148,8.473244086863797,0.0,26.464431722376716,1098.7568549583777,5.7040205001831055
MOPSO,10,69069.5399458674,5.935312986197274,0.49929341832374313,25.044324572835006,1094.380200651325,4.8565733432769775
MOPSO,11,86768.6295909337,3.7989115757380234,0.0,32.022494510271216,1061.281416953752,4.908765554428101
MOPSO,12,68799.17294026559,3.801149339033212,3.6244182718477456,31.11777094735298,1085.7324366054268,2.369328022003174
MOPSO,13,72056.01756014365,3.623355044952334,0.4098519511757113,20.65114943820008,1089.6610884046363,3.966967821121216
MOPSO,14,80838.32782199417,2.4695705407829034,0.0,53.29493440729823,1079.9331759394674,5.622260808944702
MOPSO,15,71266.62410426507,6.791682544485592,0.0,23.961827100445806,1095.2442575703635,5.466769218444824
MOPSO,16,77421.0306064498,3.014403404863243,0.0,48.02310239465586,1081.3149389555751,6.325413942337036
MOPSO,17,68871.75405388667,3.6412909372189106,0.0,28.956825077050617,1085.920095306475,5.4699387550354
MOPSO,18,70850.08129376765,3.894175177043049,0.0,42.16049626735915,1090.4710052151243,6.302471876144409
MOPSO,19,82342.05668063994,3.8846150789663803,0.0,10.643471728209187,1083.6431564853708,2.296771764755249
MODE,0,67221.34340113094,5.527565675433917,0.25706276285990554,38.68079425771873,1093.8299057068493,3.92572021484375
MODE,1,71124.57985207262,5.583275587615923,0.1231985773854539,15.301096248563834,1093.5347708583006,3.687516212463379
MODE,2,71022.18761884954,5.908255065759314,2.50535527360485,121.55118340234648,1094.2441887878272,3.669797420501709
MODE,3,77720.97395076543,2.3627663774639127,5.518380037270701,120.2161746501141,1080.73797159377,3.604424238204956
MODE,4,72108.30104560149,4.719985428432568,0.07832987841842305,24.158014617314237,1092.0312548168392,3.6245081424713135
MODE,5,74348.02204578817,5.519609852417503,0.1876223620900134,34.17404835801416,1093.0332915848326,3.7565855979919434
MODE,6,68209.34536712096,5.090035343051388,0.24714590631688133,17.728426029946455,1092.7513925707724,3.8599960803985596
MODE,7,74189.96667255613,2.7045670237147843,0.2096982837515848,60.05827268400175,1075.9457471069065,3.651728391647339
MODE,8,78332.52341750287,3.411837987021847,0.08321411078308487,9.691504092182695,1089.4093864039519,3.722278118133545
MODE,9,70751.51989499734,8.486891599132449,0.19927557877247937,36.616672466996555,1098.7804972603687,3.653714895248413
MODE,10,67979.65031334657,6.327014791692337,1.60660654710528,71.63108530614292,1095.085266181372,3.654606819152832
MODE,11,86665.17376617383,2.190936981417427,0.13012495285888978,33.40400330060914,1061.4905045208561,3.8006703853607178
MODE,12,68411.19029985282,3.73853881211784,0.869888885485004,54.28958542884014,1085.9838353097714,3.6864895820617676
MODE,13,72035.77380228473,3.327798556883479,0.39426228462301016,20.93594601686599,1089.750472406689,3.7138824462890625
MODE,14,80675.51600656832,1.8898333450668785,0.198059220462738,53.4279748491903,1080.2411886099285,3.6727309226989746
MODE,15,70905.75758443575,6.759836323894238,0.4543610796063811,24.55479915819302,1095.5825622242899,3.7647359371185303
MODE,16,77259.15620073299,2.017718140796816,0.8466441732078729,52.519149784766086,1081.783013360578,3.751026153564453
MODE,17,68859.00048459164,3.5660619604142463,0.27243224252528714,29.038546398578763,1085.920095306475,3.5459089279174805
MODE,18,70562.0988139542,4.0996278164588436,1.1298465174204413,44.079123225153126,1090.566450838574,3.6905646324157715
MODE,19,82421.17300400164,3.7331641078944324,0.03795283614773168,10.91951757107408,1083.4069564662843,3.761597156524658
MOGWO,0,66422.21092011008,5.559069715495792,1.618842018931786,37.834134293981926,1093.8339228985492,2.052762508392334
MOGWO,1,70268.50027276952,5.89235432666167,2.8238942994189893,9.05143207669936,1093.8134802002592,1.7089383602142334
MOGWO,2,72049.63825829238,6.0599442437139475,5.007161325272718,44.39727583159317,1093.2930995386848,1.8850610256195068
MOGWO,3,77864.97242412093,4.519973358544397,2.5562163998734406,25.29941496112172,1081.0133304454898,1.706268548965454
MOGWO,4,72189.51983849755,4.5674737938051155,0.0,22.71263174661961,1091.8005429675793,1.743708610534668
MOGWO,5,74264.95619738536,5.654712026048027,6.825423935631094,33.64291565012581,1093.2143532414932,1.6091947555541992
MOGWO,6,66837.07657865596,5.669275537357799,6.247138867784629,38.35423009207681,1094.2084030521946,2.027804374694824
MOGWO,7,73768.11082326711,9.110859256069732,0.0,91.90141039919962,1076.1682480650004,1.5759313106536865
MOGWO,8,78330.99951833274,3.4141445741471492,0.0,8.134127711492676,1089.4203589068043,1.7265443801879883
MOGWO,9,70759.7038059148,8.473244086863797,0.0,26.464431722376716,1098.7568549583777,2.1889560222625732
MOGWO,10,69035.04712125022,5.922117478458561,2.51544927397109,28.803388215573186,1094.3358096514155,1.7734668254852295
MOGWO,11,86663.48679459629,3.6820288264406558,0.09143482304436583,32.11314075050509,1061.5252372532605,1.6614341735839844
MOGWO,12,68269.82318815173,3.3404190662204027,3.1960493162761408,29.68894351199524,1087.5652807059296,1.7731962203979492
MOGWO,13,71915.46540714124,3.8354093363548345,4.078207059116602,20.730868038562427,1089.9858075698858,1.6832563877105713
MOGWO,14,79618.1545694003,3.033151540628659,8.566396685010677,50.425280601529494,1084.192533185819,1.8006415367126465
MOGWO,15,69594.0880339307,7.191495260265424,0.0,0.0,1095.813427083286,1.5299854278564453
MOGWO,16,73970.13167503297,4.101934673102759,0.0,0.0,1088.2503693810766,1.5356404781341553
MOGWO,17,67685.73406479206,4.188776174417256,1.178905660446833,26.025387039310452,1091.4231268414298,1.6457622051239014
MOGWO,18,70619.12679836487,4.525477124863351,3.7151872126286913,42.3222413794832,1090.5839838057634,1.7569193840026855
MOGWO,19,80685.04896657025,2.9016442942761564,0.9008849343586024,16.273331796273837,1085.8929162146967,1.756488561630249
